concordance_cell,claim_count,claim_proportion,study_weighted_proportion,studies_with_cell
Significant + H1,20,0.7142857142857143,0.7352941176470589,14
Significant + inconclusive,3,0.10714285714285714,0.08823529411764705,3
Significant + H0,0,0,0,0
Nonsignificant + H0,2,0.07142857142857142,0.0588235294117647,2
Nonsignificant + inconclusive,3,0.10714285714285714,0.1176470588235294,3
Nonsignificant + H1,0,0,0,0
